{
  "SUPABASE_URL": "https://rsskivonmfqrzxbmxrkl.supabase.co",
  "SUPABASE_ANON_KEY": "eyJhbGciOiJIUzI1NiIsInR5cCI6IkpXVCJ9.eyJpc3MiOiJzdXBhYmFzZSIsInJlZiI6InJzc2tpdm9ubWZxcnp4Ym14cmtsIiwicm9sZSI6ImFub24iLCJpYXQiOjE3NTE2NTUxMTgsImV4cCI6MjA2NzIzMTExOH0.uYjeiqI7eNGZqnip4p-20AL6NT9YCos15gWY-lP82As",
  "OPENAI_API_KEY": "your-openai-api-key-here",
  "GEMINI_API_KEY": "your-gemini-api-key-here",
  "ANTHROPIC_API_KEY": "your-anthropic-api-key-here",
  "PERPLEXITY_API_KEY": "your-perplexity-api-key-here"
}